{
  "id": "89d3e0e7-b9cd-406e-bd95-8abba3b37cc6",
  "name": "Red Button",
  "tags": [
    "button"
  ],
  "category": "decorations",
  "parameters": [
    {
      "id": "onClick",
      "label": "When clicked",
      "type": "actions"
    },
    {
      "id": "onlyVIPs",
      "label": "Only VIPs",
      "type": "boolean",
      "default": "true"
    },
    {
      "id": "onActivate",
      "label": "When Activate",
      "type": "actions"
    },
    {
      "id": "onDeactivate",
      "label": "When Deactivate",
      "type": "actions"
    }
  ]
}