{
  "id": "bd9cfae8-f657-4b3d-9a6c-f642ee455491",
  "name": "Video Stream",
  "tags": [],
  "model": "models/Screen_Independent.glb",
  "category": "decorations",
  "parameters": [
    {
      "id": "customStation",
      "label": "Custom Channel URL",
      "type": "text"
    },
    {
		"id": "image",
		"label": "Preview Image URL",
		"type": "text"
	  },
    {
      "id": "volume",
      "label": "Volume",
      "type": "slider",
      "default": 1,
      "max": 1,
      "min": 0,
      "step": 0.01
    },
    {
      "id": "onlyAdmins",
      "label": "Only Admins",
      "type": "boolean",
      "default": false
    },
    {
      "id": "onClick",
      "label": "When clicked",
      "type": "actions"
    }
  ],
  "actions": [
    {
      "id": "toggle",
      "label": "Turn On or Off",
      "parameters": []
    },
    {
      "id": "show",
      "label": "Show",
      "parameters": []
    },
    {
      "id": "hide",
      "label": "Hide",
      "parameters": []
    }
  ]
}
