{
  "id": "4c6c4adf-96fe-48e3-acd4-4a809ffe4654",
  "name": "Server Sync Red Button",
  "tags": [
    "button"
  ],
  "category": "decorations",
  "parameters": [
    {
      "id": "onClick",
      "label": "When clicked",
      "type": "actions"
    },
    {
      "id": "onlyAdmin",
      "label": "Only Admin",
      "type": "boolean",
      "default": "true"
    },
    {
      "id": "onActivate",
      "label": "When Activate",
      "type": "actions"
    },
    {
      "id": "onDeactivate",
      "label": "When Deactivate",
      "type": "actions"
    }
  ],
  "actions": [
    {
      "id": "toggle",
      "label": "Toggle",
      "parameters": []
    }
  ]
}